Workbook

Sheet tube
A1: Part details | I1: Process details | N1: Price Breakup details | AP1: ProCaliber Price | AR1: Vendor price
A2: S.no | B2: Date | C2: Drawing number | D2: Rev.No | E2: Description | F2: Part View | G2: QTY / Frame | H2: Batch QTY | I2: Material specified in drawing | J2: Material to be considered | K2: Process Flow | L2: Coating / Painting details | M2: Remarks | N2: Raw material Cost | Z2: Cutting cost / piece | AA2: VMC Hours/piece | AB2: VMC Setting hours | AC2: CNC Hours/piece | AD2: CNC Setting hours | AE2: Turning | AH2: VMC | AK2: Subtotal: Cost / Piece | AL2: Inspection cost (5%) | AM2: Int/ Ext Transport cost (3%) | AN2: If any special packing required (5%) | AO2: If Scrap return | AP2: Develop part cost + 15% OHC | AQ2: After 1st part cost + 15% OHC | AR2: Prod Cost only | AS2: Total Cost for all pieces (Dev + Prod cost) | AT2: Cost / Piece
N3: Material size | O3: Length (mm) | P3: width (mm) | Q3: Thickness (mm) | R3: Outer Diameter (mm) | S3: Inner Diameter (mm) | T3: Length (mm) | U3: Density (Kg/m3) | V3: RM Weight/piece (kg) | W3: Finished weight (Kg) | X3: RM Price / KG | Y3: RM Cost / Piece | AE3: Fixt | AF3: Set / CT | AG3: Tot | AH3: Fixt | AI3: Set | AJ3: Mill | AP3: INR | AQ3: INR
A4: 1 | B4: 46280 | C4: YP00013614-BSP-001 | D4: - | E4: Expansion Tank Inch BSP Bush | G4: 1 | H4: 12 | I4: MS | J4: MS | K4: CUT + TURN | L4: - | M4: - | N4: RM | R4: 53 | T4: 16 | U4: 7.85e-06 | V4: =(O4*P4*Q4*U4)+(3.14*(R4/2)*(R4/2)*T4*U4)-(3.14*(S4/2)*(S4/2)*T4*U4) -> 0.27695616 | W4: =(O5*P5*Q5*U4)+(3.14*(R5/2)*(R5/2)*T5*U4)-(3.14*(S5/2)*(S5/2)*T5*U4) -> 0.06359442 | X4: 69 | Y4: =V4*X4 -> 19.109975 | Z4: =10 -> 10 | AA4: 0 | AB4: 0 | AC4: 8 | AD4: 1.5 | AF4: =AD4*Sheet2!$B$1 -> 450 | AG4: =AC4*(Sheet2!$B$1/60) -> 40 | AI4: =AB4*Sheet2!$B$2 -> 0 | AJ4: =AA4*(Sheet2!$B$2/60) -> 0 | AK4: =SUM(AJ4,AG4,Z4,Y4) -> 69.109975 | AL4: =AK4*0% -> 0 | AM4: =AK4*0% -> 0 | AN4: =AK4*0% -> 0 | AO4: =((V4-W4)*80%)*(X4/4) -> 2.9443921 | AP4: =(SUM(Y4,Z4,AE4:AN4)-AK4-AO4)*G4*115% -> 593.59042 | AQ4: =(SUM(AK4,AL4:AN4)-AO4)*G4*115% -> 76.090421 | AR4: =(AK4-AO4)*1.15 -> 76.090421 | AS4: =AP4+((H4-1)*AR4) -> 1430.585 | AT4: =AS4/H4 -> 119.21542
N5: FS | R5: 48 | S5: 38 | T5: 12
A6: 2 | B6: 46280 | C6: YP00013614-BSP-002 | D6: - | E6: Expansion Tank M22 Bush | G6: 1 | H6: 6 | I6: MS | J6: MS | K6: CUT + TURN | L6: - | M6: - | N6: RM | R6: 45 | T6: 16 | U6: 7.85e-06 | V6: =(O6*P6*Q6*U6)+(3.14*(R6/2)*(R6/2)*T6*U6)-(3.14*(S6/2)*(S6/2)*T6*U6) -> 0.1996569 | W6: =(O7*P7*Q7*U6)+(3.14*(R7/2)*(R7/2)*T7*U6)-(3.14*(S7/2)*(S7/2)*T7*U6) -> 0.0690172 | X6: 69 | Y6: =V6*X6 -> 13.776326 | Z6: =10 -> 10 | AA6: 0 | AB6: 0 | AC6: 8 | AD6: 1.5 | AF6: =AD6*Sheet2!$B$1 -> 450 | AG6: =AC6*(Sheet2!$B$1/60) -> 40 | AI6: =AB6*Sheet2!$B$2 -> 0 | AJ6: =AA6*(Sheet2!$B$2/60) -> 0 | AK6: =SUM(AJ6,AG6,Z6,Y6) -> 63.776326 | AL6: =AK6*0% -> 0 | AM6: =AK6*0% -> 0 | AN6: =AK6*0% -> 0 | AO6: =((V6-W6)*80%)*(X6/4) -> 1.8028279 | AP6: =(SUM(Y6:AN6)-AK6-AO6)*G6*115% -> 599.69452 | AQ6: =(SUM(AK6,AL6:AN6)-AO6)*G6*115% -> 71.269523 | AR6: =(AK6-AO6)*1.15 -> 71.269523 | AS6: =AP6+((H6-1)*AR6) -> 956.04214 | AT6: =AS6/H6 -> 159.34036
N7: FS | R7: 40 | S7: 30 | T7: 16
A8: 3 | B8: 46280 | C8: YP00013614-BSP-003 | D8: - | E8: Expansion Tank asp Bush | G8: 1 | H8: 6 | I8: MS | J8: MS | K8: CUT + TURN | L8: - | M8: - | N8: RM | R8: 32 | T8: 13 | U8: 7.85e-06 | V8: =(O8*P8*Q8*U8)+(3.14*(R8/2)*(R8/2)*T8*U8)-(3.14*(S8/2)*(S8/2)*T8*U8) -> 0.082031872 | W8: =(O9*P9*Q9*U8)+(3.14*(R9/2)*(R9/2)*T9*U8)-(3.14*(S9/2)*(S9/2)*T9*U8) -> 0.023293305 | X8: 69 | Y8: =V8*X8 -> 5.6601992 | Z8: =10 -> 10 | AA8: 0 | AB8: 0 | AC8: 8 | AD8: 1.5 | AF8: =AD8*Sheet2!$B$1 -> 450 | AG8: =AC8*(Sheet2!$B$1/60) -> 40 | AI8: =AB8*Sheet2!$B$2 -> 0 | AJ8: =AA8*(Sheet2!$B$2/60) -> 0 | AK8: =SUM(AJ8,AG8,Z8,Y8) -> 55.660199 | AL8: =AK8*0% -> 0 | AM8: =AK8*0% -> 0 | AN8: =AK8*0% -> 0 | AO8: =((V8-W8)*80%)*(X8/4) -> 0.81059222 | AP8: =(SUM(Y8:AN8)-AK8-AO8)*G8*115% -> 591.50205 | AQ8: =(SUM(AK8,AL8:AN8)-AO8)*G8*115% -> 63.077048 | AR8: =(AK8-AO8)*1.15 -> 63.077048 | AS8: =AP8+((H8-1)*AR8) -> 906.88729 | AT8: =AS8/H8 -> 151.14788
N9: FS | R9: 26 | S9: 16 | T9: 9
A10: 4 | B10: 46280 | C10: YP00013614-BSP-004 | D10: - | E10: Expansion Tank MS "ate | G10: 1 | H10: 12 | I10: MS | J10: MS | K10: CUT + TURN | L10: - | M10: - | N10: RM | O10: 20 | P10: 20 | Q10: 90 | U10: 7.85e-06 | V10: =(O10*P10*Q10*U10)+(3.14*(R10/2)*(R10/2)*T10*U10)-(3.14*(S10/2)*(S10/2)*T10*U10) -> 0.2826 | W10: =(O11*P11*Q11*U10)+(3.14*(R11/2)*(R11/2)*T11*U10)-(3.14*(S11/2)*(S11/2)*T11*U10) -> 0.20096 | X10: 90 | Y10: =V10*X10 -> 25.434 | Z10: =10 -> 10 | AA10: 8 | AB10: 1.5 | AC10: 0 | AD10: 0 | AF10: =AD10*Sheet2!$B$1 -> 0 | AG10: =AC10*(Sheet2!$B$1/60) -> 0 | AI10: =AB10*Sheet2!$B$2 -> 675 | AJ10: =AA10*(Sheet2!$B$2/60) -> 60 | AK10: =SUM(AJ10,AG10,Z10,Y10) -> 95.434 | AL10: =AK10*0% -> 0 | AM10: =AK10*0% -> 0 | AN10: =AK10*0% -> 0 | AO10: =((V10-W10)*80%)*(X10/4) -> 1.46952 | AP10: =(SUM(Y10:AN10)-AK10-AO10)*G10*115% -> 895.23415 | AQ10: =(SUM(AK10,AL10:AN10)-AO10)*G10*115% -> 108.05915 | AR10: =(AK10-AO10)*1.15 -> 108.05915 | AS10: =AP10+((H10-1)*AR10) -> 2083.8848 | AT10: =AS10/H10 -> 173.65707
N11: FS | O11: 20 | P11: 16 | Q11: 80
A12: 5 | B12: 46281 | C12: 58615193186 | D12: - | E12: Motorrod template | G12: 1 | H12: 0 | I12: MS | J12: MS | K12: CUT + TURN+MIL | L12: - | M12: - | N12: RM | U12: 7.85e-06 | V12: =(O12*P12*Q12*U12)+(3.14*(R12/2)*(R12/2)*T12*U12)-(3.14*(S12/2)*(S12/2)*T12*U12) -> 0 | W12: =(O13*P13*Q13*U12)+(3.14*(R13/2)*(R13/2)*T13*U12)-(3.14*(S13/2)*(S13/2)*T13*U12) -> 0 | X12: 0 | Y12: =V12*X12 -> 0 | Z12: =10 -> 10 | AA12: 10 | AB12: 1 | AC12: 15 | AD12: 2 | AF12: =AD12*Sheet2!$B$1 -> 600 | AG12: =AC12*(Sheet2!$B$1/60) -> 75 | AI12: =AB12*Sheet2!$B$2 -> 450 | AJ12: =AA12*(Sheet2!$B$2/60) -> 75 | AK12: =SUM(AJ12,AG12,Z12,Y12) -> 160 | AL12: =AK12*0% -> 0 | AM12: =AK12*0% -> 0 | AN12: =AK12*0% -> 0 | AO12: =((V12-W12)*80%)*(X12/4) -> 0 | AP12: =(SUM(Y12:AN12)-AK12-AO12)*G12*115% -> 1423.7 | AQ12: =(SUM(AK12,AL12:AN12)-AO12)*G12*115% -> 184 | AR12: =(AK12-AO12)*1.15 -> 184 | AS12: =AP12+((H12-1)*AR12) -> 1239.7 | AT12: =AS12/H12 -> #DIV/0!
N13: FS
C16: `

Sheet Sheet2
A1: CNC Machining Cost / Hour | B1: 300
A2: VMC Machining Cost / Hour | B2: 450

Sheet Sheet1
E6: S.NO | F6: DESCRIP | G6: MAT | H6: OD | I6: ID | J6: LEN | K6: QTY
E7: 1 | F7: TUBE | G7: SS 304 | H7: 84.1 | I7: 64 | J7: 135 | K7: 18
E8: 2 | F8: TUBE | G8: SS 304 | H8: 84 | I8: 64 | J8: 103 | K8: 18
E9: 3 | F9: TUBE | G9: SS 304 | H9: 76.1 | I9: 70.1 | J9: 237 | K9: 36
E10: 4 | F10: TUBE | G10: SS 304 | H10: 70 | I10: 33 | J10: 62 | K10: 18
E12: S.NO | F12: DESCRIP | G12: MAT | H12: OD | I12: ID | J12: THICK | K12: QTY
E13: 1 | F13: PLATE | G13: SS 304 | H13: 190 | I13: 60 | J13: 18 | K13: 32
